mtime,AD,AV,BH,CD,CJ,CV,D,DE,EH,EQ,ER,F,GM,GU,GV,I,IT,IV,JO,KU,KW,LM,LU,LY,OT,PX,QY,QZ,RS,TU
2021-11-01T00:00,16416938,16211782,16086285,16109698,14281486,14081520,15279343,16116643,15352830,14431955,17641871,17881849,17877007,17215161,15493866,17133697,15676856,14176611,15051694,18888645,15652654,14268972,17838820,16163184,17313120,18949257,17071623,14246974,20588625,16100988
2021-11-01T00:05,13584964,17143120,16308355,15573149,15184127,14749077,15736581,16671190,16509759,16808775,15136910,17299648,18900856,14411339,18753201,15734043,17556953,16745119,17031393,16900479,15551176,16155567,16872023,16224565,13890200,17550781,14637365,17787986,15144172,14311209
2021-11-01T00:10,14174831,16243142,14768151,17837759,18235941,14186493,16938159,20733199,15648915,16489152,15288087,17106465,15023243,18442259,15734479,15259304,16404080,15872706,14453630,17566350,20040153,16596824,16411629,16241783,15074310,14088368,16085681,16800620,14476686,14219142
2021-11-01T00:15,16964424,15457616,15453260,17134874,11940967,16195392,13979683,17754068,16665546,15314859,17081758,17003057,13974858,15463514,18540032,16329676,17390811,16790000,14567386,18149694,15084782,16823699,14681705,16132314,13991029,15715154,17563322,16298268,15117877,17220503
2021-11-01T00:20,18838063,15564069,17608461,17435379,16639989,16582174,16393332,16270429,15769856,15750177,18465951,17526834,18559801,16016625,13825295,16611117,15657563,15839421,18013872,12734933,16812715,15787820,18131072,15175490,16782222,15458637,17562190,19982654,14782089,15785074
2021-11-01T00:25,14366514,14968336,15784338,13230976,16753587,17872000,17287910,17164280,16514681,15782507,17748302,15389367,15556707,15427302,17268915,17668305,17157174,13967243,14207830,17890810,18387281,17719919,16725332,17850414,16549987,17011359,16941331,18958824,16988202,15511095
2021-11-01T00:30,17161917,17565257,16032953,18593326,15845840,14482956,15598530,15104795,16035230,15920638,16640886,14164778,15713427,15884505,17010536,17151587,17764112,14952805,17116795,17308584,15451267,16574709,17303819,16841920,17218751,16941722,19018184,15144478,17265976,15650734
2021-11-01T00:35,17675144,18017038,20621388,15918445,13090200,16477664,14790429,13532709,14491549,16752991,14594890,18832367,17804691,18017918,19929314,17052762,16548994,18332287,13888530,14662740,17545927,17637018,18016840,17319109,17285156,15331803,20243890,16534339,15309633,18166421
2021-11-01T00:40,15327980,16387560,14012175,18034452,15795489,17525409,15436171,14244826,18311566,16590808,17796783,19994344,16333215,16178120,14357339,16991575,14304634,19226037,18338006,15942393,16107996,17348667,14534282,16651352,14439795,13811300,15687723,16867012,16035460,18480272
2021-11-01T00:45,15617615,15931516,15579399,17506679,14441339,14556562,16837633,14734347,18461110,18379833,14540564,18597975,16562541,14238164,15462760,15994638,18767793,16105636,16979613,18691391,18645057,15998520,14295538,17126876,17424563,17762683,15862771,16416456,17589465,16781174
2021-11-01T00:50,16405155,17936413,17037476,15901410,19657899,15419625,18616438,15196517,14596663,14294957,16320353,15914196,18390642,18386393,15834170,15603341,16373176,17120542,15940307,17875309,17447532,16644548,16470998,17517302,18149819,14042162,15752376,15202846,17109310,13904196
2021-11-01T00:55,14906448,15321255,15908971,15656515,13996634,15799835,16850312,16372956,17594026,15247534,18096283,14891446,17118528,14581535,16288231,17612431,15001030,15913921,19113734,14687719,16090449,16249646,16326894,15377343,13958025,17513124,15991104,18509597,16651021,15942475
2021-11-01T01:00,17438310,14397574,19741954,15312284,15390198,15300965,17356377,18484639,16360774,15990224,15771813,16941898,16231352,19579343,17115809,16610203,16966489,17803192,18966270,14842936,17882878,19281977,14691819,15046474,14463168,16198714,15155804,17340302,19873876,16230545
2021-11-01T01:05,17549393,16236832,15659800,14620060,17474615,18954381,17614231,16183807,15789502,15720384,16194154,16513659,18463434,15561181,18912716,18588173,17454963,16097301,13567648,14650984,15915211,18792355,17840086,19719251,17453751,14895832,17370163,16135026,15125629,15695805
2021-11-01T01:10,16491976,16536350,17890301,18022424,14471774,16549705,17237836,15046875,15749579,17831730,14701596,19906351,16672152,18712632,14766155,17043906,16745534,19343853,15620026,14791224,15474078,15467324,15299050,17794856,16092682,16608730,16467049,21021054,14886046,15814180
2021-11-01T01:15,15292225,14823775,17099615,14616839,17399225,15700642,20048508,15770535,15578273,14001952,14902055,17451368,14962733,17189554,20124635,14441024,12787682,16165855,14036930,14476400,20578527,16305533,16637521,16822868,19499850,12931350,14953221,16806660,16854874,13782446
2021-11-01T01:20,17858730,16107256,16809855,18172447,16650420,17015425,18687583,17351006,16535679,14834723,16196486,14042601,15040207,14486022,14473531,14000550,19162405,17931496,15864022,16088904,15485430,20242690,18253233,14507785,18941989,14477318,18200132,15766227,19348166,14641134
2021-11-01T01:25,16660679,18169353,17100161,17961609,16044343,15821445,20365811,15784855,17813767,18152670,16481287,16989646,16643353,17280692,16104269,16587731,15659014,15699584,16576827,15688914,18061397,17032305,16328101,15575271,18252046,17801612,16751611,14750289,15798905,18384996
2021-11-01T01:30,16925751,15897655,16748978,17096194,15872139,16769344,15617658,15937632,16367829,15631980,17350979,13805453,19344638,17262698,16213141,16730933,17077803,17692217,18452056,14274543,15191228,16855287,17021341,16932045,14376172,17034779,15745557,15097382,15769272,12585712
2021-11-01T01:35,19026510,14763221,17854228,17106380,14931689,14448137,16894889,17733189,15056101,17490266,16495901,19259310,17205579,16918507,17270364,18701563,14128299,19575679,14933469,15193769,15385354,14965908,18675232,17902997,17213388,15384317,16327789,16304036,15791820,13957370
2021-11-01T01:40,17972252,17585636,15368009,17936773,12167506,16107682,16708506,17281576,18226790,15709440,17252983,17068552,15656262,16618537,13052871,20849909,16794267,18279900,15238158,13547717,15370644,13438463,16114528,16917871,17132769,15579572,15438345,19269463,12181672,20871367
2021-11-01T01:45,14661807,15588165,15521351,17008906,17964774,17085565,17226187,18922098,15510031,15330897,18101041,14254229,15661238,16549196,17045952,15274015,17739262,18465499,14674582,14708074,18166944,13044186,15521138,17314305,16740105,17182078,17087547,13848015,16173168,17428877
2021-11-01T01:50,13248712,15631202,12033348,18754836,12576600,17078093,15270076,17950106,19990200,15609528,15911259,16333862,17457544,15791155,16248659,14258032,16373852,17094378,16033831,16695767,16480670,19160730,17817302,14557702,16507478,17454442,14563623,15251381,16070191,15578871
2021-11-01T01:55,15801873,15241062,16401583,13750765,18423448,17178248,15037141,15674880,15650105,17468583,14348374,15877520,15169542,14677732,18111404,18283144,17573653,17727662,15076635,17847108,15944498,16525838,13947214,12044726,17910236,16873352,13239879,15376801,13036351,19090283
2021-11-01T02:00,16616876,17741831,17672171,17613747,18061175,16880552,14279284,15526409,17364691,15214581,17274774,16402521,17506121,16788642,17357122,17417518,14367363,15861976,17076082,16860377,16605909,16703406,17199136,15296904,16584273,17588773,15224952,16216497,16087088,16582665
2021-11-01T02:05,16460320,16194867,16519791,16342698,16326302,17639342,13769244,17958222,14944244,17090547,17678902,16645586,17206782,15785575,16808317,15419589,17898253,18385008,17128546,17855392,13826166,17783554,15653558,15296339,16717219,18813017,18540449,14518983,17088292,16394756
2021-11-01T02:10,16298221,17721972,17455476,15996450,13116714,19481169,17626849,14726002,16645160,18175650,15758695,16575379,15721554,15149162,17560244,15838648,16346234,17216620,17613969,15152649,15009109,15161096,18122960,17250975,17270076,15337197,15491340,15474833,16702495,17115476
2021-11-01T02:15,16216390,16928615,12860407,18796001,14134547,18102601,16519548,16012914,16744063,18857573,18464215,16725897,18275252,16157864,18324076,20092578,18249464,15739715,18137241,15023235,14822997,14379354,19494796,16338637,18834101,15253047,17284849,16701946,14962062,14125046
2021-11-01T02:20,17128154,18413824,18017708,13549344,14225925,17692206,19244522,16754940,13554212,15541333,16301935,17133353,17660321,16547568,16759159,19181335,16239587,15026611,19774265,15099120,16120459,15982996,18177442,16026358,17426952,17594221,18626112,17573101,17016070,16417848
2021-11-01T02:25,17067726,17778764,15970731,15442838,13922195,19277529,17942068,14432489,15870716,14981365,19780932,16438882,14559005,15563514,16806531,18142449,16790350,13276311,18786700,14498085,15966780,18520412,14368942,16190613,15099901,15343569,15247211,13607583,16575688,17445437
2021-11-01T02:30,15910646,15151571,15715947,16332739,15879951,19051759,17060096,17746001,17646722,14358767,16665067,17213997,14784844,16586676,15433696,16768097,17784548,13025408,13870800,13809525,14297183,17129201,17169359,16726892,16653718,15910756,16458415,17757570,15846536,18758923
2021-11-01T02:35,17108894,14533075,17236839,14989413,16808942,15132506,17839856,14882417,15354862,14976488,15650971,16549146,16342714,16141171,17929853,15728333,15196388,14976611,14202852,14734623,18459522,15557090,13648591,14827156,16579160,14019017,14912899,17204378,18353399,18892805
2021-11-01T02:40,16281367,20369186,16000835,17995381,18205766,17330185,15820440,13283898,21314383,16932607,17650135,14984508,15599621,16179806,16489220,16295388,14094509,18185732,16922026,15737097,17342068,15870653,15800141,16319501,17385117,17294857,15470252,16745162,14124909,16154756
2021-11-01T02:45,19144384,16283973,15307503,14016115,14744915,17838191,15130727,16868137,16641245,18465010,18671917,18206456,16058605,16467922,13972359,17757665,15767812,17187821,15682626,16389032,16174801,16195602,17713156,15163155,15388446,16092740,16776901,19170925,15835472,14676704
2021-11-01T02:50,15163582,16310592,12711750,14705600,16095712,16689463,15162232,15944686,16647781,16572551,16531791,18546453,17502484,19637950,17642421,16031868,19219952,14870614,18604930,12441069,17256077,17857742,15289013,19225891,17643813,15736668,16959736,17364772,15821968,17373118
2021-11-01T02:55,15582012,13647966,14540361,16047480,17392986,18106685,19044556,15108620,16727305,15115526,17906562,17275944,14401765,15376206,15728327,19310960,16738300,16422297,14343379,17722116,18082797,15622832,16174875,16191512,17594463,15610864,16392903,14464491,14332357,16226389
2021-11-01T03:00,17407496,13616802,14059221,17423757,18156751,14289253,13953761,16240656,14905461,15589623,15452876,14277762,17127566,15781975,15456308,14189678,16486922,18120772,14314050,15896372,16088726,14173529,15778103,18025894,16497623,14130529,17576056,17900292,18617183,16034080
2021-11-01T03:05,14789844,19750957,14989490,14392752,17602285,16317389,17961228,16176203,15931124,14670876,14716007,16507357,18001795,15359121,15286417,15054994,14769016,16499494,17199302,13691319,17879316,17939137,17610232,16410134,19637577,15627553,21382185,12260889,14376504,16242127
2021-11-01T03:10,20297174,17661874,19204461,15470995,17769546,17501562,14180512,17349557,18122306,17857300,17263954,16741630,16267163,15707684,16931724,16978697,18031002,15566741,17856336,17141644,17154803,15891475,17316288,15013641,16465709,19365907,17285744,14472362,16843839,14714800
2021-11-01T03:15,16662821,16020835,17080749,15746419,17298105,15707467,16056293,14334406,13616359,18998792,15891633,13433243,15362429,19199779,14391752,15254397,15894310,17279578,17348575,17324751,18673799,18109990,20151114,15571363,16827625,17333481,18446806,15413471,15572149,16937523
2021-11-01T03:20,16695802,14688950,14627473,14944926,15763994,15516253,18134451,17273991,15935859,15855316,15865023,14455412,16862621,15053853,15381851,16398263,16871920,16161754,16732318,16401746,15685549,15482646,19878073,14605330,14338132,16895473,18098790,15768052,20914510,18102108
2021-11-01T03:25,14417810,17656835,15167866,14085672,17182147,14790825,15808984,14074844,16022378,15946544,15634368,16777763,14589023,17518907,19228472,19313187,17721290,15961363,17478367,16714031,14755721,16330193,13311836,18187648,17148102,14705802,15327191,15988989,17390233,18649684
2021-11-01T03:30,16528512,16126268,15179744,14416906,18273719,19837009,17523544,16605476,16958439,14671743,14901540,14571782,17568898,15458908,14164490,16343686,16694365,14937937,15434043,15441829,17340576,16277163,14702370,15274213,15561319,15327427,15909966,16802110,17333028,16960684
2021-11-01T03:35,17570066,16711605,13884414,17359144,16326450,17545546,15280113,15584518,18955641,18803496,16834367,16684956,17317755,13831321,13768033,18372133,13976725,21492090,17604155,16428864,17594521,16141540,17262930,14392376,18684700,17357216,15823226,17357526,15055453,15302234
2021-11-01T03:40,17689079,17394054,16764223,18622843,17073655,16267880,16935937,16951732,14583727,13824648,16996292,16969385,15406139,15627488,17536974,15655778,17307629,15534194,15146546,16986634,17488404,16180432,18333147,14642584,16083029,14828030,14323694,17264429,17226231,16874218
2021-11-01T03:45,15501366,17760754,16404601,19346170,17354727,17243936,15539023,16949706,16172375,20500431,16349469,16297886,17954885,15576225,17893835,16240666,15988469,14224690,17366220,14685290,17342463,16020457,17675468,14667483,18602393,14664380,15878134,15375456,16322868,15068080
2021-11-01T03:50,16137847,19241549,17304462,14327441,17470092,15278349,16238400,18151713,18064813,17037184,13552633,14779529,17584896,15955183,14321940,15694613,15690620,15183782,17952149,13247981,13078914,16156530,16424565,14013499,15545349,15736770,17694102,17227800,15627140,17256147
2021-11-01T03:55,19191065,15599838,14981691,17292657,16104524,17228673,15101310,16954655,16246139,17109965,16840636,16296190,14225491,14786419,17206082,16767367,16278419,16140420,15388515,16171166,16780975,13784990,16876219,17043605,15047696,15677370,16511155,16690012,17130441,16190346
2021-11-01T04:00,17475832,14777311,15520611,16365952,13227001,17889615,17480634,16731194,20099156,16264982,15847418,15734342,18221628,15642182,16012238,14508932,16239701,17271492,19707856,15650350,13849510,18079926,13503185,14977168,15058885,16568211,17719166,13672309,17006358,19392617
2021-11-01T04:05,16903912,13343598,17543562,17153614,14582275,16897235,15212201,15704816,15562083,13379279,16439844,15064577,15116914,18315919,14950109,15172247,13620663,18547649,18555142,16654197,18032309,12277970,17317708,15302305,17489558,14407698,19187485,16885333,14158260,17954083
2021-11-01T04:10,15728879,16857232,15809004,15240463,14948102,15074149,18579186,13578286,15258933,16950325,17060708,14951654,18657199,16788961,17211054,17754466,16744022,17496311,16479241,17065556,13654644,20150532,17076331,19250407,15904588,13341092,16380137,16622720,16197591,18641309
2021-11-01T04:15,14488684,17034801,19066215,16660830,16242896,17475550,14869392,17820472,17866903,14613470,15334725,16770818,16234911,16378815,16127262,14612763,15726103,14177393,15547025,16565328,17737439,19891495,15859463,12998413,18288433,16599370,16877715,16726294,14952481,16422783
2021-11-01T04:20,14054236,15888374,17564814,13724761,16545315,18079271,14169764,16197883,16224532,17411903,16531182,14580196,17673381,18785348,15642885,14666602,15188431,18071860,17025151,15454031,14898072,17109000,16791394,17455998,15103502,14012204,20206565,17495815,15818823,16809624
2021-11-01T04:25,16479137,17347393,17337042,15041876,18113335,16052433,15694344,18554839,17004945,17388761,13851127,19579876,17369492,15165265,14326284,13881142,15241957,17980940,15457110,14515790,15399305,16981184,18860916,18279235,17644921,17666719,17509342,17223994,15981218,15148413
2021-11-01T04:30,15636802,16843162,15662119,15613828,15305000,15824044,16665040,14925827,17074597,17462463,18085233,14555618,17498091,16713450,16044552,18365711,18184222,18524696,16709551,16602036,15690120,15908016,14456998,16473617,14252205,14754158,15396874,14962092,16712098,18354387
2021-11-01T04:35,14804236,18340815,16637928,16437581,16290189,18908428,17037905,17114631,18544564,15240931,15864472,15292237,18259815,15965605,16003648,19319438,15890525,13247116,15975813,18097740,16943370,16988248,15940240,14976795,18612119,16755608,13361610,16953660,17160325,15702443
2021-11-01T04:40,14224192,16100564,14801091,17217654,15437685,14045748,17157618,17229023,14735542,16691582,14157388,17541311,18135656,17339963,17134774,16259392,17336346,17207654,16198662,16111583,16547690,16567711,15929472,14048426,15716375,14977841,14360459,12650701,17328121,17379909
2021-11-01T04:45,17386907,14929907,17037172,16024762,14296325,17374226,18094764,15800902,18481161,18108437,15620026,17862466,15481712,18994886,17851590,15651597,16754534,15235186,15376984,18080612,14243751,15607386,19084279,14532683,19938026,14049075,17118351,16803551,15581922,18795074
2021-11-01T04:50,17130254,16949684,16179052,17420890,15281996,16494395,15498284,14983598,17346749,16570098,15726844,16447645,14354600,15484413,18336816,17598209,12385427,16819559,14840659,17927486,15457326,15293033,14341798,15951215,17902163,16457967,14943269,16729220,15599530,17019469
2021-11-01T04:55,15103600,16971030,16120418,17858991,15860305,17297680,10656983,15975191,15475770,18349315,15855615,15275830,14341213,15632612,18582459,15802818,16815579,17090847,17089622,17545156,17363843,17233546,14062844,13761505,19358881,17551951,14756631,15140859,15722993,18235155
2021-11-01T05:00,18467327,15721086,16995150,16928518,16268663,15821739,17293618,15533373,18184043,15041423,15110465,18629037,15988434,15542189,15914836,17734478,14915956,17794031,15988897,15059413,12472964,17791486,15312859,14662471,16848196,13910286,18329887,15040167,16981553,18948558
2021-11-01T05:05,13927798,14420224,19670170,16238865,18338901,16787451,17840848,15992539,16431793,14790495,14024201,15978569,16785361,19792080,15552764,16653893,13935118,15078986,13461909,17296198,17301685,18089338,16859131,16545862,17091376,15219987,15085155,16176827,13606790,17986993
2021-11-01T05:10,16226908,17297547,16633557,16675700,16298417,14889509,17983540,16857317,15099978,12485786,16916660,15416353,16314375,19385563,15786696,14496758,15294907,17881309,16592388,16989080,16481075,17809819,15238300,17024572,17775106,15131140,16912425,12549405,14654271,19304628
2021-11-01T05:15,15090548,15596946,16180227,16410620,17537470,15824258,15850652,15716298,17834441,16780008,16391523,15856581,16304131,14882764,16422448,18378548,14178514,17979655,16081646,17853805,16180772,16291254,16915349,16205258,16536703,16828845,15851594,12165352,16035990,17461775
2021-11-01T05:20,18279042,14635997,17194886,16057704,19308503,14270621,17524480,16241989,15457848,18174113,18565235,18069083,14362556,15125613,18119244,13158426,17261380,17209588,17078241,16785594,18417914,16940566,19664462,17111219,17907089,14614855,17150564,15442474,20055045,15996120
2021-11-01T05:25,15057829,17705470,18099363,13954449,18592757,17657836,16813262,16103881,16523250,17635786,17276391,18421515,17832669,18513058,19260136,18032136,16739295,15086745,15577746,18159533,13764530,18800413,16714246,17591697,14614328,16462480,14281903,15839489,17234577,17694697
2021-11-01T05:30,15011311,17876844,16768335,15814323,16863905,17366268,15278268,14822711,15476403,19207397,17818569,15310742,17686263,18169889,15664531,16972460,16955144,16101562,15093461,15906891,18236497,14267997,16589802,17548236,16563980,17204683,15946792,17202921,16689875,15812513
2021-11-01T05:35,14673923,15193730,13173724,13681419,18935234,16201457,18668174,14585067,16600662,17835864,14280442,16419047,17751784,15804989,16104271,17422660,15001700,14400816,16436487,17998177,12969958,14797458,15744887,17010027,15046004,17285491,15822812,15059359,14603856,15901334
2021-11-01T05:40,15114943,15553725,16115641,15161600,17158926,17102534,14313389,15099479,16404260,16017674,15591775,14688281,13726767,17275592,15065860,17247968,18643063,17682467,19335149,15006645,16532821,14631497,14182510,14861817,16213528,18114306,17162049,15909062,16439548,16815842
2021-11-01T05:45,14333407,15651132,15984222,18854295,14693512,16336492,16290436,15832690,16165043,18918218,14954898,14455218,15496407,17882489,18749854,14465398,13298216,18036462,15972984,16620784,16503187,16402805,15153192,14044229,15736777,15280925,15006756,14179009,19819472,14794449
2021-11-01T05:50,16556782,14896610,16520675,17733702,16798600,16390904,15325612,15036146,17567092,16903956,16475980,18173606,19103487,19191053,17313012,19803769,16239808,16166865,16756977,14418611,15559963,17057326,17477435,16891666,15744727,20181618,17159889,13624835,16862194,14446405
2021-11-01T05:55,16104685,17310728,17741236,14490038,19891946,16228545,14198260,17016417,14903943,17341159,18382769,14408142,16262812,17364304,17359442,15218032,15225137,17920539,15984842,17235493,14181588,12959964,18302896,14694362,16238076,15135663,16811921,15605919,16790633,15345517
2021-11-01T06:00,17462373,14188449,19152070,17857680,14003337,16321012,17600596,16253940,14734119,17271502,15653098,16730571,18191651,17488923,14782921,15856439,14482049,15094743,17419980,15686134,17726943,17665262,16027702,18115290,14539747,15834007,15667372,17642371,16808966,18407706
2021-11-01T06:05,18325636,16188691,18826893,15073382,16336097,16169190,13763278,15590161,15848088,16914138,16290410,17311277,16394400,17463153,18015768,16732214,16223715,18040329,14032590,15069437,18263055,17065576,19655098,14617312,18611712,17032158,18344327,17327237,15409730,17452289
2021-11-01T06:10,16857125,17052994,13853458,16589790,16610398,18519912,14860439,17635247,19591089,16108814,19134241,17851682,16807027,12244476,14274062,14708294,15279525,15376318,13406301,16496959,17578132,13741263,15822777,15257214,14363087,15149404,15178097,15954577,17467455,15684370
2021-11-01T06:15,17909346,16673385,16666556,18362840,15897413,15775720,16133589,17157831,15021621,17220287,17350729,13907821,16367119,15494089,16902170,16723676,15737059,15177328,18869302,16871042,18404843,14909072,16780768,16101366,14935381,15494440,16650820,14374842,15337170,17156555
2021-11-01T06:20,14615964,17077120,18235860,17653492,16599245,16246144,16467919,19166752,13297781,15293600,15373182,14613254,18073513,15210304,15171856,14875614,19598982,15826929,15301384,16777815,13994637,17430847,16392389,15762930,15241876,16631325,14426040,15515121,16028021,13751433
2021-11-01T06:25,18471068,15425445,16514193,15927379,13731294,14549396,17506887,14988388,16999683,16193758,17772248,13176018,17151237,14303247,19042657,18324772,15956382,15176858,14578260,16246345,15748555,13207176,14845861,16649495,14797349,17383828,17436505,17880244,15142263,17278108
2021-11-01T06:30,16469785,17864518,16150191,16537475,14349345,16947391,13985616,16974826,17625793,16413989,16747495,14918879,17283112,16069222,13877977,18607914,14015466,17355608,15520795,16365897,16887106,17760867,16492672,18133078,16144282,18582677,17899415,18484653,16647902,15992588
2021-11-01T06:35,17233754,14722698,15270075,16070932,16684526,16601690,15617640,16015055,14745564,13448273,14968003,15558380,15442334,16697485,15409205,16136733,14172428,18667154,16352053,17979837,14802465,14719622,14886464,17065883,17978979,15361217,14793794,18944091,17032155,13419555
2021-11-01T06:40,16678141,15294944,16736809,15509960,14117913,16272019,17276457,14951284,15811022,14814520,15676961,17710265,15755047,15873605,16475171,17537016,15966333,17575843,18020989,16891867,16289394,14786288,14911582,15671044,18369263,18075977,17767127,14124459,16973004,16686353
2021-11-01T06:45,16868388,16291563,15371002,18936665,15312007,15619162,14460224,18666639,15355068,15956487,15608098,19097539,16008292,16308900,16325624,17840710,16826142,18174357,15048854,17461935,15005804,14043975,16934737,15616594,14136700,14771096,15455328,16156230,15808253,16459634
2021-11-01T06:50,16124805,17813311,15260579,16697382,17077631,18683313,15585186,17137236,17219465,15423467,17918301,18427702,17831250,15215706,13884444,16292776,17087693,17119980,13960264,18208567,14191569,16839926,15981167,18248192,14468176,18948145,16610170,20226212,18752160,14293838
2021-11-01T06:55,15604482,16216185,15572436,17490583,18868757,16007887,14765576,16011979,18429082,15550056,13643318,15435386,16328874,16701706,17346100,15361095,14256241,15683718,15796198,17257655,14634909,17890910,16327132,17466100,14620286,15266330,16713132,17080071,17152362,14442012
2021-11-01T07:00,13999630,19340383,16515753,13149859,16982973,16029840,13813347,16659952,16460837,15357123,13235712,15626404,15075555,16892465,17623170,17219736,17984130,14920370,17903141,17226614,16143984,15110530,11520295,16418608,15648378,18714250,18755530,15444553,13844956,17123842
2021-11-01T07:05,19455116,16815973,16136956,13660820,16544213,20701752,15001760,19995069,17450733,18653181,16296762,15112478,16321919,14738993,15732671,16382163,16994674,14329871,17015471,15390113,18278462,16074680,17517427,14592523,15266417,14999303,13236923,15189470,18024926,18355795
2021-11-01T07:10,14855939,17697025,16126380,15480995,17338160,15860204,13564382,18201263,15067286,15632669,14393419,17086406,17557501,16509506,17655082,17212914,14477242,12952588,14969684,18177518,17134970,17061807,16258190,16775738,15964883,18962204,16406543,15787154,15361127,14930178
2021-11-01T07:15,19069039,15295314,16541574,15831925,16637293,14021605,19884564,15999488,15117630,15308157,17728329,16363198,16937042,19030182,17739479,16392011,13704910,19166822,15292487,15424791,16185551,17733081,15558159,15029768,16316825,16811064,17657843,16135745,16973291,16663241
2021-11-01T07:20,18011464,18029552,12488016,18178066,17422766,16262427,14885990,15198874,17316242,14092071,17984260,19895742,18518672,16400071,16870013,17040056,15388729,14409589,18059602,14816409,16370591,14251944,16258446,16150871,16504668,17406740,15585712,15479633,14392179,14801570
2021-11-01T07:25,14909391,16774894,14928955,16062001,17187476,16273466,16327029,17391982,14333926,14256228,18754915,15054253,14401385,17674099,13687609,14838480,17815597,15587698,14175552,16496978,15558664,17948332,15830464,15451659,16387370,14436609,18201527,15466895,18890368,15209724
2021-11-01T07:30,16449885,18466873,17887282,17654360,16292809,14957223,17182372,13608347,15578015,14203581,14913278,15533306,16146972,15908115,16684871,15758548,17796392,15768865,15519090,15828873,15214301,18712289,16560404,16963575,15582883,15798133,15143229,15140464,17106808,16828341
2021-11-01T07:35,16973017,17664271,16445175,16000048,13974022,16751179,14697082,16289296,19165172,17541015,15182883,18041199,16381218,15081504,18131487,14997571,15891295,18164239,13848669,14879081,18194725,19152432,15591214,17356488,16395496,16967326,17221456,16731572,15190410,13935312
2021-11-01T07:40,17183552,17605796,16301012,16180480,17394348,14460244,15953590,15094600,17761318,15421865,14481929,18186703,19852731,15942675,16588423,15527084,16297866,15752473,15281197,16255324,17187910,14980237,17756506,17193036,14443750,14204667,16624334,16075829,13465779,15725186
2021-11-01T07:45,18073086,16793254,15875520,15971103,16070573,16117122,20831934,16966034,14892636,17399808,18867040,16496235,15799286,13522479,17241356,15915736,17404608,17672873,17683587,17242546,18403571,13775362,13137689,16252261,17947533,15326139,15831892,17509085,15207518,14263008
2021-11-01T07:50,17991899,17077816,14453847,19401888,15946776,16430696,16107623,15195122,17413737,16158063,15786497,17140270,15429594,16377196,14985480,17264139,16522999,17126204,17022196,14208579,15849916,17529967,17081098,17707912,14204649,15252234,17506308,16424175,13007831,13171428
2021-11-01T07:55,15729387,14452416,15836953,15618574,16230669,15190897,16157351,16197880,15329902,16373315,15544934,19326927,16885145,16044945,15884052,15627501,16867315,19063266,15403890,18393998,16503972,18750863,16326501,16726005,13434095,16703864,17359290,14888983,14053635,14013704
2021-11-01T08:00,16606546,16756019,17100802,19533640,14142508,12764541,18732381,12818874,18447020,13804958,17716621,17554037,16243943,19382641,17435450,15690661,17145265,17539172,15579138,14328565,16050943,16176011,18301715,14990330,16482427,14169451,14988749,12769435,15272457,14752357
2021-11-01T08:05,14971138,18107539,15375073,18007071,16408519,18872974,14837343,15327725,15649816,15165443,16099016,17159951,17186715,14244328,14954080,15546184,13099260,18284996,17529577,13271796,15609228,14297756,16964498,17466365,15016902,15971970,18155657,15192722,16937179,13152738
2021-11-01T08:10,15875614,13800892,19159402,14159121,14431938,15946400,14351856,16236683,15254484,17514550,15839820,16398137,16173528,14803550,16592363,15991990,15009267,15081109,15904097,15970500,15916726,15576465,17634907,14727875,16292156,16023492,17159530,14875177,17669871,20658500
2021-11-01T08:15,15205165,17360588,15631237,18256212,16449975,16021233,14530968,13880665,15984084,14200923,14516713,16814790,15771459,17804812,19198231,17789130,18320590,15486951,15559816,17471918,15801934,17019297,18650120,16628045,16501511,15927246,17619474,15394545,16886344,14896315
2021-11-01T08:20,15677160,17530580,14358400,17793707,17357926,15538373,19316970,17791925,17855642,16249745,16439578,14541782,16001721,13931487,19371024,16864744,15831074,17189786,15613750,16504959,16524323,13693529,18071383,16931373,16066875,16090594,15840427,17115483,15709221,14190397
2021-11-01T08:25,16602794,16869018,18005110,19559058,16658869,17179123,17826964,17117902,17294266,18216619,17336059,15431660,19964417,18034672,16360113,14546827,17235692,16457285,14332389,17700067,15439290,16992205,17113028,18735269,16542255,16945097,18192439,16575706,14738975,15251755
2021-11-01T08:30,14229415,16979715,17613826,15444561,15156407,15815602,18027759,13551307,16988631,16228090,14997061,15868850,16600743,16274018,15298061,15043686,14714543,15138765,16556054,14980922,17979072,14930908,15591468,15967064,14846350,15737714,17995187,15026628,16894861,16190379
2021-11-01T08:35,17242551,16574840,17930575,15012207,16724395,18867688,15388006,14378677,15907705,15154326,13996956,17238427,14190719,14118083,17104317,18286326,16672886,17052831,16359945,16285442,15254750,17186481,15858567,13722805,12541352,14619411,16547898,14562727,16706280,16592205
2021-11-01T08:40,17156586,17412234,16249350,15100218,15964322,15372918,15837997,17094041,18406450,15077312,16385612,18545055,13602440,12506343,15267483,17741333,18198422,14917848,17237680,15888278,15934831,17121476,15522969,18169861,15994581,14472753,18803541,17133034,15938883,17659587
2021-11-01T08:45,15859002,15836401,17357235,15222367,17882578,14637732,16218775,13359459,15038168,15827991,16209769,16026647,16503108,15191197,15450366,16622374,19466168,16812686,17594659,16565873,16162793,20832487,20208237,17697508,16725847,17830110,14957109,15375408,13386474,14850625
2021-11-01T08:50,15783190,15576841,17086758,15160236,17288868,18052589,13572614,17920448,13387400,15675120,15675680,20264509,15685922,15329056,13361858,13238228,14541860,21748498,15962285,16615804,15946616,16182548,17752636,17722920,19069234,18764871,13525864,15448663,17000752,17737006
2021-11-01T08:55,16024243,17586846,16357436,15502755,18521076,16063520,17512624,16405173,17774743,16955075,17629206,16838762,16136292,18066097,13354140,16765695,14211702,14244152,15879522,15423741,17055259,16114918,16555535,15056905,16713008,17827304,15075846,16801131,15712427,14997213
2021-11-01T09:00,19159770,19304935,17669461,14913001,17632796,17072278,14087885,15880289,18074230,17401536,15640437,16164816,15626463,16026542,16129109,16486077,18492184,17816496,17787541,16236309,13491203,16764302,19912127,16676904,15044400,18150685,14448337,16785718,15898469,15679306
2021-11-01T09:05,19141651,14133371,14241588,18280340,15521830,11836900,14754987,14421522,14720633,17083880,15806484,17134969,21286548,16655126,19362148,16432735,16206328,17483442,16421891,17473634,17531987,15945130,18155757,17702867,15719554,13638870,13533191,16374199,13373356,19228507
2021-11-01T09:10,16170232,15001210,15758622,15771681,15729927,18617327,16340121,17350699,15587837,14605614,17156799,18424887,15006914,16072296,15945976,15389211,16409603,16377183,15369064,15642111,16885941,15021105,15861995,16360424,14381040,17859354,18022585,18633480,15137820,17036548
2021-11-01T09:15,16971396,13731101,16468903,17536435,17615512,18231874,17391601,16989376,15183996,17516441,14242396,19499759,19281435,16251373,18109151,16913296,14892591,13467297,13764426,16844963,15492368,15540162,15205639,16033314,17820505,18609250,16240826,17534752,20428503,14066329
2021-11-01T09:20,16011824,15915633,17457280,14284664,16236648,16483588,18178239,15458671,15111456,16710403,15727275,17046825,16497814,15460564,16482313,16644198,16747276,15463808,15989414,15747648,16948434,16965905,17154302,14791495,11298096,17124183,17699557,16598078,15012561,16377600
2021-11-01T09:25,17038466,17605484,16323513,18160293,19903089,14956168,17704567,19497728,17233049,13817704,13909900,18377568,12035217,18549907,14654811,15079671,16881417,17954093,15101653,15661045,16760651,16604981,14635795,16345622,18555297,15943582,15778232,14982047,15224928,14658793
2021-11-01T09:30,16153396,15100619,16664573,18846843,13282147,13754088,18824018,17618966,17507401,18495429,17027600,16845537,18028450,16781771,19966743,18719436,18207045,16188565,17226732,16695607,14762781,16022510,16656472,18013242,17998461,16374983,16301775,15799882,16647595,15748817
2021-11-01T09:35,16665389,17332809,17292174,16998083,19434711,16573082,14765685,15996908,15323203,13532112,15933417,17973820,13431478,13678817,15250234,11993605,14799188,18123746,18778714,19054310,18809832,17378767,17535196,18916330,13486187,18908938,15070436,16593007,16611381,15987463
2021-11-01T09:40,15047397,14617467,18115204,16815756,18816429,16244638,15606457,16714661,15681134,15330420,17564315,15692395,17272233,16171377,17701499,18098959,19127598,15918260,15901015,17200261,17161952,16067783,17464223,13951423,18021853,14583223,18625161,19190737,14324847,15262182
2021-11-01T09:45,15620017,14133716,18037538,17148061,16756155,16395278,16623686,18520388,16361937,18124811,15950796,15869249,16964567,19281467,18020701,15278811,18250820,15667186,17990475,14322918,15923319,16443618,15464774,17921396,15286685,16385372,17782609,20384442,15607106,16848949
2021-11-01T09:50,17067914,13541728,14931429,14806972,14812417,17514460,14738421,16141818,17863585,16295302,16839350,12773956,18078554,17040213,16805720,15504393,16288209,15292709,15156920,16556406,13428976,15238312,17410619,15622564,16301282,15186335,17369822,16550135,14980664,17493949
2021-11-01T09:55,15667803,17635742,16315957,14793199,16583676,18212261,19412434,16737962,15181493,16276555,14159081,17065864,16535469,15095406,13767651,12657089,14810484,18779515,17453150,15608675,14445159,18093384,16989298,16409488,16118263,15329391,16917563,15135888,14892313,18663672
2021-11-01T10:00,15497405,16493696,15227113,16135597,17540895,15685948,16542268,16034028,14262040,15500293,16067531,18190277,15061570,15394851,15419734,14959203,15288909,16665612,17652377,18850832,15994458,16732924,16161280,17068964,17252811,15099375,17078189,18013870,17227114,18423699
2021-11-01T10:05,14268191,16085902,17877276,17288781,16212219,18212630,20119028,17782565,16030269,16071013,16934659,18821705,16214786,16663014,17585350,17196151,18338480,19077063,16513781,16664394,13964435,16334791,16483605,15747056,13604189,15588689,17760263,17342564,18294822,15784971
2021-11-01T10:10,15662246,18430548,14736812,16620417,16736568,17911528,15038986,15556209,14659419,19484661,17382931,15888755,16532001,16483699,15791404,16594807,17493560,20069992,16003199,16062690,15533586,17096174,15721436,16697489,15161453,14762466,15646339,15497696,17185568,18035221
2021-11-01T10:15,17080336,16533729,16516482,19308427,17212006,17038841,14156179,16678757,17852045,15222435,15757360,15920124,14192162,17079434,15516730,16921747,15651147,15911595,16245154,16411975,16106417,19375899,16456586,18879134,18120914,16947209,17338895,17178836,12534956,16724748
2021-11-01T10:20,17240830,18854059,16224841,14776010,17166893,16059795,17737497,17538760,17565856,13635665,17698504,18715847,15818304,17278734,17586001,13941234,16782423,16639171,15293730,16588904,14849123,16149960,14351555,16316252,16609326,16584873,17761991,16342149,17563697,16675079
2021-11-01T10:25,16597136,16109483,16712250,17393758,15713449,14325675,15220733,14882865,16633749,18456097,17732749,15818079,16167856,17117039,16576472,16302713,19477434,14662590,16935466,16952493,13728714,15816319,15985355,18685341,15065632,18551970,15430077,16197998,15601974,17122448
2021-11-01T10:30,17779078,18114187,16271778,13597258,13972819,17526164,14974600,14889832,15700110,15227114,16506331,14653766,16429087,14422908,16025572,18513532,15132798,15879890,14313701,18361985,17938151,16379256,18703723,15068287,18795457,16285003,16849939,19078374,12799699,16617203
2021-11-01T10:35,15555649,13900472,17035121,14907099,15745265,19297780,17496653,16559989,16301373,16042665,14140189,18119598,18179623,16113727,14642464,16786337,18011617,17551452,17037466,17895533,15638779,15923986,15698393,17561308,19361512,17413945,17286424,15055252,14793771,16784843
2021-11-01T10:40,16331424,18949323,15299260,14660093,15101430,16346119,15256346,15025148,15340250,15549216,16449147,17412739,16371508,14366888,15461097,16204050,15942465,14034856,14929774,16952152,16648054,15923313,17305495,18055078,17317444,15876669,14934756,18760138,17837132,17520408
2021-11-01T10:45,14597928,14863038,16041321,15886818,16574027,15736182,16504499,13946653,15021703,19468454,13998492,12855700,16000019,14687781,14126406,15213882,17083252,17294296,16755311,17738414,15022583,16527956,15850937,18902421,14924663,17177107,14799367,17714112,15021491,14356350
2021-11-01T10:50,17144880,17890816,15553039,16026208,15031917,17008940,17667425,16216933,15920353,15933797,14811177,14633189,17332190,14276636,17979643,15156989,14100941,15600617,16604805,16399544,16716492,18266138,16986603,17344919,15310047,20043831,17327658,14934548,16390347,14129128
2021-11-01T10:55,15176820,14675018,12682218,17134436,16483699,14575523,18599117,19558088,18337390,14396378,15755744,17041986,15381829,17459167,16590014,15765275,13980254,17253042,14553154,17752649,17277248,17658668,19540837,14778812,16383470,17688541,17503631,18738416,15627621,17731542
2021-11-01T11:00,18190931,18495513,15896483,20582732,17530676,19410289,15285113,16447215,17557955,17136574,20116282,14186572,15877157,17237596,17254371,16523812,15004753,16895271,15951922,12327628,15679220,16921782,14473656,13071802,14309999,18266516,16886221,17322201,15123551,18656286
2021-11-01T11:05,16480035,14628875,14945815,16436255,14646419,17431842,17783193,16331116,16829865,13520877,19463817,16501519,17536861,16657853,17597040,15712710,16438409,15137036,16885295,17647821,15682656,16987602,16390232,21161864,18017633,18443606,14473820,16919033,16072219,20140986
2021-11-01T11:10,19330552,14784996,16307928,13258167,14563392,16696671,16092623,15873996,15974532,14939131,18015307,15681948,15001773,15803793,14049794,15688028,15902769,15968366,15239428,13999039,16592590,16632719,17538659,14790512,16464297,17394281,15462586,17140625,16242300,17765054
2021-11-01T11:15,14642083,18152117,18021195,18713753,15426963,16008406,19148724,15620638,16440463,16060875,16919217,12539798,16786862,15201976,14607673,19564383,17229021,15922648,15304701,19321792,13498302,14861543,14299749,16960285,15956564,15024908,13014858,17547055,17395393,16377818
2021-11-01T11:20,15841623,18874892,18134577,16157189,17611249,16617996,17369698,16915524,17426086,14102907,14851958,16869033,15230747,14867229,15446257,14865149,15418245,16363344,17228347,16205584,15777679,17567938,14387019,17744565,19278467,15244912,14272256,14491797,19112832,17764798
2021-11-01T11:25,16100469,18043246,13187840,16686919,16463666,16160860,17823744,16935310,17111777,14320791,14120853,19574608,16656155,16474253,20118991,15716908,16129218,15662737,19646649,17661959,17359742,18680516,15203328,17378003,17528169,15275521,18167717,16810090,16186569,15862932
2021-11-01T11:30,13961134,18085083,16535424,17928852,15423442,15895513,17379506,16189416,14451045,16664066,17312294,16793272,14330927,17094550,14721785,18292231,15635780,17062170,16322135,14576645,15854082,17230603,17683148,15890783,19862477,15904934,17043359,13533421,15428770,15547917
2021-11-01T11:35,16301405,14353489,13235511,17105385,16985438,14762157,18626450,13028638,17086382,17257698,12691321,17203859,15517442,17756196,17318090,20158519,18263304,15644752,17755640,15926126,17787349,16552262,14079070,18928820,14515295,14431530,18150879,17013252,18195294,19521223
2021-11-01T11:40,13998216,14223692,18006067,16823226,13282146,15631664,14155586,19457079,20152689,16980847,14635967,17590744,16892393,14133413,18778418,16749498,18928309,17197847,18491468,15720431,14869133,16300685,16646276,13407594,18707907,17033266,13946573,14941488,16492023,15562619
2021-11-01T11:45,15007344,16706774,15913142,17711149,15858478,17784056,14700267,18030558,14473186,17115584,17545207,15228952,16147097,15881368,16978199,17565354,14107777,16534743,17670304,19522858,16416423,18848641,17599457,18764097,16902330,14086330,15899502,15875022,17233487,15959721
2021-11-01T11:50,17285482,16616829,17829341,18583265,18889827,14860990,15702408,16908405,15861604,15479590,16124724,15702769,16490829,15160815,18211793,15196797,16875316,18669009,18544904,14070533,16949857,16521203,16344578,17720398,15475948,16048444,18035626,15546892,15142891,13425259
2021-11-01T11:55,14491764,15832806,15690112,14226600,18104485,15714723,17433726,17324556,15141461,14994188,18941860,16824840,18595969,17655620,15742296,13525322,14037357,14586538,16439295,17228015,17218186,17743292,18290512,18002447,14761702,15587568,19330169,17297948,15269796,16981661
2021-11-01T12:00,16240995,15333691,14312716,14626756,16148357,16444736,15351525,16121750,15631196,17499940,17963311,16142619,15775905,17729532,19839504,15632284,17452321,16558390,15966604,17731744,14475614,15721955,14304915,16134426,16196597,15941773,15968057,18331480,16063713,16550952
2021-11-01T12:05,18001920,15592699,14888481,17758903,14405850,16024940,16645774,17357472,15071154,13747802,12723793,17466533,17607490,15351216,14382417,16208716,18086618,16781482,18065536,15789858,16086775,16514374,16489407,16450544,15462327,20559637,16625328,15438909,14007959,18182903
2021-11-01T12:10,13096727,16699351,18479111,16450481,14656033,15149041,16579208,15996620,17621017,15405192,15224369,14844454,15488926,16439554,18845783,17356116,15751894,18276915,14596148,15638629,16577067,15077335,14965511,17846717,14930040,17644532,16738435,15861777,12929179,16359843
2021-11-01T12:15,19005403,15842400,13978931,17114349,17311179,16724275,16799215,18042274,14215733,16249022,18475161,16080153,16887444,16850451,13386589,18683816,18911283,14035485,18996117,18420419,15251762,16849461,12582841,13280352,13986477,16265432,17281308,15271828,15812203,17482798
2021-11-01T12:20,16043333,17126506,16013482,11729334,14261383,17676541,14759456,15916277,15737936,14574358,18375586,17331201,15541833,19607830,14793051,17233678,15576178,17940491,14015235,17117527,15191328,16904559,16143046,16302194,17929273,16784405,16805046,18755374,18769714,18718363
2021-11-01T12:25,16955047,14313159,17521168,19220394,18052838,20134175,17608136,16108138,15010900,18945900,13998141,16904809,15996643,16434105,17613813,16743714,14436973,17186462,17657911,15218414,18253535,16559962,19200770,14345626,18640265,14154199,15045878,16921422,15001544,15176960
2021-11-01T12:30,15577600,18551480,14793837,17162024,17999187,16740041,21024901,16551133,14861159,21150262,16587811,15836699,16560038,16125495,15613229,19329227,18300388,15685894,17048036,17249790,15052749,14118668,17101520,14734369,18746914,17069154,16573591,14037499,18868629,17207926
2021-11-01T12:35,16358570,17182306,16964596,16869215,17365691,14674628,15231279,17653953,15157093,15657426,16349383,16080215,16512347,15848743,18553771,15161275,17039649,15689949,19149227,16722501,16202200,18094300,17422493,12746230,16220756,17716225,15401145,18141896,16811570,17317773
2021-11-01T12:40,16084933,14926323,15398942,18894578,17348637,14496070,18010428,16840833,18423292,18251164,17875676,17240454,16584065,16803282,14826687,17327070,19319780,15784857,15694994,12632924,12269397,15671652,15079056,16329161,16906347,16772434,17787234,14289346,15914379,16651390
2021-11-01T12:45,16392716,19003231,15524234,17080583,15148155,17880682,17789331,15053040,16730888,12838956,15004950,16908199,17211375,15605546,17027341,13890893,15046388,15780864,15606803,15266173,14693407,16893955,18066471,18022747,16952335,16351264,17558396,14098547,17001554,16183839
2021-11-01T12:50,16389421,15568234,16868027,14613227,20861751,14850009,15673449,14849567,16323451,19244103,13015644,15775235,16314872,18277130,17446972,17883729,18323575,15647363,15638949,16299483,13694755,14172350,15074046,17132465,19718699,13485189,18672713,14922052,15740440,13328158
2021-11-01T12:55,13474654,16986950,17312516,16850690,14754091,15520342,14125624,18612050,17475301,15869951,14833083,18896911,17905073,16864706,16801374,15766990,16317928,16547809,17984536,15745471,17901617,16482403,17992902,19373292,13349410,14001228,17308810,16320484,15035386,15364916
2021-11-01T13:00,16820415,17350922,16959814,15837160,14362458,17124886,17867210,16249821,15695086,17009818,18464426,15694839,17466638,16568024,14996409,18165385,15410050,15691569,14552247,16641589,13425794,16319681,15372025,15962449,13878519,19877570,17334964,15719061,16256569,16293464
2021-11-01T13:05,15886753,15468611,17416186,16102546,15426235,15921567,16495463,15094682,16520552,16297625,17983389,15081601,17492766,13589687,15719178,17693110,14873343,15709781,20509939,16141585,17267533,15291377,15003859,16866112,14434493,15443734,17353261,16473961,16387806,18927057
2021-11-01T13:10,17258080,17322999,14678265,17488016,14382274,17335210,16034156,15021830,14154302,17753258,17235804,15613261,14604310,16332213,18038730,16298687,15588650,17873796,19654217,16805303,13603222,16827273,16976325,15961409,14148164,14621607,18383319,15262165,13637429,16167434
2021-11-01T13:15,15310556,15702378,15906767,16338961,16401271,15181151,17155440,15822358,14397502,18774574,18777612,15901990,17176310,17229622,18345715,15378675,19352992,15473431,18140960,18023132,18186576,16620436,17392757,19055246,14215803,14994271,15165810,16457216,15853452,14194770
2021-11-01T13:20,13960089,16411246,17009952,15367339,17208643,17121074,18299080,15991258,16853961,15600050,16250089,14296221,20315849,17424727,16452961,14943344,15720230,16331295,18214637,18972472,15077825,14257634,16942531,17712254,16343727,17440848,18630532,14341572,15637613,14281530
2021-11-01T13:25,20486809,16691668,18079117,16216683,18485161,13045330,17439020,16971207,17562881,16859891,18479263,15233747,16797571,15406154,15029917,17114058,16382724,18769230,18041867,14535112,15200060,15165568,14147057,14524204,17591594,16053478,17247552,14953797,16065834,18784644
2021-11-01T13:30,15576393,17459173,17237515,18242413,18265065,16563736,18582280,15544147,17482932,14977829,17045291,19529899,15804090,15463824,16700832,16273056,15452590,16918997,17345216,17349420,16961676,16647588,14272872,17137088,17817705,16364631,17851351,15306991,16488939,15689377
2021-11-01T13:35,15921107,15070951,16199460,15931007,16708547,15761867,17511715,14921067,17294529,14853141,18044659,13324224,16271664,15852448,16392908,14855830,15245325,15557766,18023543,14429577,17297825,16247432,16884020,16181351,16843811,16397803,17067351,15881332,17846857,14711692
2021-11-01T13:40,17541740,16083187,17358049,17874072,15940908,14626729,18445484,16010647,16189949,15941294,16452528,16570497,14942342,13266768,14295092,16150701,16667919,17148015,17591332,15940528,16434798,17411558,17194294,15707901,18380214,16974989,16295487,14637709,15768317,17092066
2021-11-01T13:45,14764045,15599852,16821827,16267443,16598090,17856481,20115179,16764732,15626469,18181486,17194854,15705354,18232020,18218708,16418164,16662266,18093097,15458095,15222385,18490383,16431141,17367171,15958873,13998230,15764570,16579292,16422528,16600476,19192223,16976748
2021-11-01T13:50,14878897,16053846,14922685,19334731,16417249,16941637,16143815,18057698,17268654,16478560,14880486,14738321,14519925,16654999,14092787,16723994,15619138,16280434,16335353,14480474,18229476,16029952,17490041,17512848,18575349,17009763,13699987,17721115,18549495,15956732
2021-11-01T13:55,17180026,14717820,17768270,17576384,13697275,14545585,17939241,18668507,13983896,16308875,17910959,16997095,15847457,16703066,13709229,19113673,16991987,16469085,17135675,14793270,15519029,17418007,13848886,17886692,13399970,17985510,18003096,11954169,17440545,19613584
2021-11-01T14:00,14838595,15553741,14469930,14922164,14635070,16222550,16924010,14057744,16672022,15000658,15550444,17261775,18453194,17876545,15643272,15287202,16085750,16829123,14557066,17869011,14257924,15014889,16820749,14919254,15043873,16178037,17262227,15605787,13735862,18114185
2021-11-01T14:05,17796613,16323001,16042138,16143330,18628105,14962448,18109359,17437358,13953191,16459918,16354680,15322759,17361797,15629043,16116713,14197057,16454073,14205198,13056649,16243895,17292309,18363641,13191401,15961540,18464164,15426888,15047311,17058416,14783795,14655756
2021-11-01T14:10,16550812,15270812,15512697,15827527,13575426,16466213,16052546,15733893,16655008,17835063,18217485,17598383,16689336,15632446,14739757,17570713,18796790,17653245,16006055,18545251,16518201,17060201,15736166,15887721,15446952,16312808,17054471,17168196,17171173,15964749
2021-11-01T14:15,16399685,14986348,18761768,15513331,15114240,14996865,13757371,17530222,14844272,16607120,15993794,18044852,17406502,17685503,17308592,17235015,14731781,15376465,17840371,16205646,18446974,14340509,16192690,17713054,17513332,16458892,18006624,17845169,18136119,17280223
2021-11-01T14:20,16037935,16157062,17557702,14875482,16514089,14705098,14045780,16510052,16690080,18569001,15312562,21115773,15147022,13680506,15153608,15670856,14511581,17357674,17008517,14665706,17033473,16237773,13956810,20560592,16951735,15552524,16445804,16981499,14121476,16336517
2021-11-01T14:25,16120056,14253086,15944077,15484460,16941934,16243168,15096323,16704313,18188673,17035346,16589575,18514083,16687241,15815668,18141635,14532070,15123355,15585135,15258617,17129879,16990912,15291809,12717507,17406112,17037495,14243526,17594144,17758617,16675240,15409516
2021-11-01T14:30,17881298,15964759,19116942,17951331,16422455,14592600,16722274,15796396,16250927,18134273,14549704,14559935,15889897,16530238,17334569,16891628,15780035,17093002,16630092,16551204,15924553,18292495,18046834,17963217,15706943,16079122,15639252,12991554,17732615,18950952
2021-11-01T14:35,15932932,16564070,17788241,13736487,18281550,17562870,16376223,15537121,13580035,18001086,18060768,14978647,17847860,15845765,19117383,18497118,16806739,13857999,16272774,18510119,16513142,13524224,18719050,18805373,18266761,16857199,18028279,18629837,15541400,15520782
2021-11-01T14:40,14374053,13353933,16109179,15938144,15978326,16761658,16075595,15983611,14329004,17966505,16772694,18576050,14367701,17471372,20693515,17617451,18170178,16685870,18178967,14847495,15076902,16426688,14929202,20021832,17270584,16530452,15933708,16052813,14020529,15854693
2021-11-01T14:45,14893674,14710308,18776466,18755288,16597586,15765384,17506354,17509758,15884667,15902450,16341956,14062505,17607493,17851709,17097934,17607336,17048841,16591643,19946142,16347995,14126591,17140586,14456487,16826612,20380448,15158202,16072309,13223738,16907574,16612391
2021-11-01T14:50,18064506,16683084,17880348,17382305,14176907,16730154,15308552,19082586,16682934,16762068,15086520,16354548,12840349,16316096,16663464,16376523,16534622,19118839,15149569,16187876,16547275,17321416,16416563,16164842,17443735,16047496,15489368,15138925,15375319,14725813
2021-11-01T14:55,16198430,19633296,17237790,15066381,15016818,15953417,15096278,16589449,13479233,14000703,16008842,13659049,16749115,15990947,17232324,17800454,19046425,16761205,15029939,16331911,15753315,19723720,15154564,15096861,14424965,16634909,11548730,15451537,16780836,18531587
2021-11-01T15:00,17274291,17605055,13807973,13852001,13502781,17005777,17821047,16975549,17603624,18342989,18456113,16738619,16627074,15327314,16681840,15916641,13642684,19145289,15996162,15709423,16043194,17299373,14462412,15863952,17914404,15714217,15712072,17434838,15519450,18094234
2021-11-01T15:05,16638283,20439220,15714289,18406148,15796935,15598298,17210285,14272608,14494612,14236584,16497521,15314229,16762093,14830116,15695265,15134295,15599450,17137130,20932698,15463818,13260922,15103630,17236399,16087241,18056299,13589915,15336423,17959200,16351393,15855628
2021-11-01T15:10,18953493,14477493,16821070,17328730,16885169,15300897,15859811,15502868,17131100,18230491,15350375,17999104,18652783,13240985,16076812,17183006,18691568,15978906,17481324,18111503,15506257,16322556,15290526,17858873,16436559,14823460,13744025,15670304,14223253,18365347
2021-11-01T15:15,16238207,17109736,15415204,15806124,15214690,15553369,15616667,13440961,14235703,14625525,13472580,14404930,12276230,13359305,18197801,18451507,18587017,16504861,17722011,12857668,17259581,14258834,18481029,17670238,17935988,14680068,17163429,17539342,17224547,13220851
2021-11-01T15:20,17001757,14461072,14429731,14136752,15783667,15537454,17274531,18297024,15194077,15029612,11704202,16318773,17121261,16544201,14467305,17466692,17004734,17740130,16072891,14533626,16811907,14073524,16338009,17419113,18366827,16126645,13895103,14657984,16147105,18164572
2021-11-01T15:25,15562736,17833208,16097118,14880113,15573768,18460295,16923114,15835991,13839960,16461075,16833828,17479704,15984023,18285324,19642088,15572564,17169320,15365405,15324694,17357432,14321482,14813655,16608791,15779007,15319357,14984842,16273318,16377014,18624384,14242173
2021-11-01T15:30,18047371,19273098,14782710,14191922,18665627,15729133,16139673,16294282,15233966,14591261,13957459,14029575,15510529,17031486,16960293,15663664,17325791,14737545,17328685,17655573,17560591,16320225,15406629,15442423,13815814,15430913,14480698,15182500,16948008,17305296
2021-11-01T15:35,13823752,16985499,14850677,18102294,15596536,17225382,16123882,14935846,12347570,17609759,16726329,15380612,17352890,15801064,17092638,16345003,17296583,15898838,16197912,16440118,13851013,17116971,15844830,17623308,18181151,15752742,12177748,16660769,14992805,18351597
2021-11-01T15:40,16407902,16980087,15489322,19015537,16712840,17200305,16168039,18530858,18184990,17487958,17218437,16494850,14691227,16484276,16176484,16863839,15944637,16201378,16172081,18675606,17164961,16111744,17481519,18127755,15948488,17423690,16091795,17100407,15984234,17090314
2021-11-01T15:45,13497694,14630241,15765938,14815286,14788367,16583967,13401713,14605436,17806542,15828024,18133164,16065812,18694723,15853475,17488108,15588358,14252019,15826313,17380736,16561514,14054271,17451161,14350723,17220757,15183139,18609566,18838186,17689511,19553144,16761711
2021-11-01T15:50,18172675,16780653,15502996,15447167,17562187,15295982,16350396,14469749,18174237,18045082,17089084,14878320,16572173,14411124,17433003,14797821,15821494,15070847,16808354,18706443,17626366,17285336,17529606,15941612,15565062,14532602,13372203,17356230,17543553,17338632
2021-11-01T15:55,16538125,14440341,14567422,13207617,17037039,18465756,18034562,12959859,17901746,15541154,15776142,15337093,13987766,15962249,14908296,15442264,16985678,15861943,14401146,16001791,18030893,15999832,18127679,15779348,18518205,16933227,17018955,16364343,13479854,16459450
2021-11-01T16:00,15983071,14494676,15894515,14711670,13116905,15341868,16433934,17162983,17223978,18327323,17135925,17365359,19556377,15057302,16588126,17280374,16889567,13945124,14474307,15210792,17555998,17066117,18645420,16912342,16417810,15549504,16093514,16500429,15524916,17842485
2021-11-01T16:05,15063676,15122443,15351984,12899043,14591127,19620210,18319781,14974114,14827825,17252468,16887184,16733252,17306087,14724161,14769012,14799449,16275919,17680817,16139240,16890320,15838088,18086490,16803499,17985276,15916635,14902878,13158444,16776905,18545467,15675170
2021-11-01T16:10,17739396,16611876,18561875,15912031,15256384,18129481,17069684,17842351,12321869,17773481,17274028,17312648,13960663,16148835,16557641,19104651,15373827,15390439,16457626,14918517,17915405,17256747,16911644,18769990,17574958,17282861,14883594,16473868,17032901,14023511
2021-11-01T16:15,15563727,14283237,13945617,14108230,16394006,15658972,15686529,17778654,17526517,16994346,17969447,17077694,15624791,14764991,16674373,17208753,16802950,15324955,15931896,14791068,15136674,17769372,16599591,17587341,15671348,15241520,17783460,17289755,20902360,17179624
2021-11-01T16:20,15486674,17568463,14419925,15032448,16790232,17451805,16333104,16039845,14966795,13035282,17445577,17361680,15163874,17211885,16278137,17980603,13200119,16725975,17246108,14437089,17579101,17136671,15034039,15704016,15897520,20327742,17001262,16429768,16444128,16461138
2021-11-01T16:25,16329508,15842424,15595034,16154392,14783643,17053136,15888941,19477822,16978312,12189485,12697215,14003327,16434475,18465676,16523211,15517052,16502469,17604664,16666568,17503006,17001184,15061377,15308533,16358445,15773594,12549321,15311621,15668912,16147896,17646508
2021-11-01T16:30,15907962,20041135,18741440,16725578,14895882,16811508,15540168,14072198,15757465,12866203,18460533,15903954,14566720,16790069,17211384,17757300,14827837,15938261,17005146,15976318,17633526,16741305,16866346,14154747,14889207,17194745,14922405,17655522,16040893,13724154
2021-11-01T16:35,15929584,16155250,15691139,16592440,15889444,19177974,16174743,14306360,16086622,18119115,14799172,15741651,17873303,18218964,19364670,15391419,16271844,17260362,15054844,15625367,16910999,17428210,18664421,18761459,17692412,15232184,18036195,14891825,16839814,15438720
2021-11-01T16:40,16412783,16168642,15498663,17183596,12598971,12537041,17515165,13801836,15355215,18080432,14406556,15634448,16154873,15774485,18537623,17786005,16766449,15329631,15132966,17909573,16219927,14990213,13547954,16327553,18592256,16361591,17208356,16697304,14060533,15979889
2021-11-01T16:45,14078929,11748853,17952052,15086130,16618269,18734380,15569665,19363688,14812797,18764675,15998980,18582565,14393960,17618626,17337965,18127118,15779359,18257045,16862538,14238683,18982433,13780283,19026841,14349847,17615469,17948331,18415787,15807423,15943998,15379878
2021-11-01T16:50,16847201,16806493,16966596,16855828,15382759,16433733,16094270,15748862,14748380,14183916,12298702,14301887,14354381,16153720,16837188,16272742,16572485,14618457,15007118,16266496,17514535,18313965,15750255,14944585,15459644,13867276,15403459,15748919,18421370,19329387
2021-11-01T16:55,16563082,16635953,17177095,18578406,19320378,17169309,18358131,15180369,16800047,17755022,15173096,15374689,16420876,17633122,15038550,18958572,18808808,18181474,15581150,15469351,14497309,15851172,15531226,17104874,16794432,16530408,15397574,15946172,16184555,16062926
2021-11-01T17:00,18511341,16725167,18412366,14916240,18177662,15600194,15622436,17072501,16203388,15896910,16538615,13808800,18842749,13717468,11771353,16900188,16828471,17155959,15730222,17332076,18023904,15565703,15033282,14525196,16024361,18425062,17783310,15901064,17305649,17128517
2021-11-01T17:05,17028096,13726802,13439379,18031993,19322479,16141934,15800276,13962232,15883779,15144453,13198076,16533118,14948952,16131386,15558245,17104829,16691946,15158074,16930874,14262278,19150759,17263296,17864003,18877463,16551114,14771297,18734982,16911771,18275475,15084291
2021-11-01T17:10,16995226,18550166,16569527,15601383,13213153,17504840,16558391,14748081,16387544,14997085,11459840,16807271,17794994,19403767,18636869,13724073,15457582,15375949,13529247,18707642,15507815,17065393,15813913,15376136,16141814,13543061,16257240,18211180,16029548,21123815
2021-11-01T17:15,15745736,16021630,16914438,16609660,15093360,16092378,14850312,16931950,18318362,17492865,15541655,14906625,16471497,17711084,16414730,12445645,14558787,14445884,16957067,15850078,17458622,17768475,15352327,16972837,16832761,16912799,17050533,18181510,13870343,16520268
2021-11-01T17:20,16265387,15701867,15578751,16152887,14349383,15743217,16591240,16721256,17723965,17435789,14948566,19235824,17514659,16658509,16546845,16769800,16993749,18576137,14047786,18233785,12582982,15746536,14155258,15323064,16167220,15445179,16994576,16201318,16141246,18251251
2021-11-01T17:25,16895245,15462435,15644240,15971444,14187151,15050966,18684452,12177778,14704124,17331382,14873981,17639141,13900693,15704593,15181600,13972102,16520562,17429936,18879139,14716455,14147651,17972027,14229223,16456881,15722639,16589600,16746664,15897431,14979865,15710815
2021-11-01T17:30,16775466,15440450,14982153,13935713,16991161,18652806,15865507,15595738,16093442,15046913,15344435,18721079,17700859,16375347,16449101,19408844,15619153,15229589,17802553,17096932,16333524,16396559,15408023,14480260,14388311,15818258,15881551,15815230,15087847,16641109
2021-11-01T17:35,16204516,17142246,17512860,18102152,16851980,14108411,15406990,17478092,16031944,12373314,19391161,17275329,19399461,19626729,16080628,16982674,17167914,17302459,16833606,17157768,15170802,16497144,18178735,15650898,16005108,15562998,15362026,17093945,15047467,17098778
2021-11-01T17:40,16121218,14232705,17601584,15066165,16565514,16942575,16618615,14992616,17350451,16652335,15346081,17406165,17361673,16835406,15468141,16754847,14078315,16362258,15544045,14919665,16256249,18251401,17597384,14883374,16923990,15948225,16646240,18915601,16912587,12651119
2021-11-01T17:45,16369157,14397567,16854453,17470933,16298953,15134132,16734518,15075212,17203984,17553594,15777080,14799731,16924434,18097954,16627170,16703703,16072132,17967446,14682274,15878639,17661249,18943223,16070285,14812763,17168720,16632849,15726629,17052445,17177514,15994662
2021-11-01T17:50,17588705,19072286,17204458,16439158,19719078,16158494,17277988,15315293,18398351,19810336,15517405,16775981,18461223,14332471,17019095,14149975,16966788,17378323,16972586,15531268,16708878,16370670,15032243,18438021,16566542,16419628,15843592,17335326,16340364,15498590
2021-11-01T17:55,14809659,14705540,14126326,16071325,16335759,16989684,15091958,12230128,15169446,17143059,15506282,14217217,14914573,15960141,15213039,15800056,17573691,16643068,16518590,16680670,17984188,14631731,14307498,16475567,17293126,17582232,16155421,16073395,18503075,17118985
2021-11-01T18:00,20175307,19011975,15934245,15942907,12546636,14002880,14465485,14779089,16993230,16655929,19009673,14169394,15238178,16035222,17176325,17385325,16498087,18183265,16586294,18350653,18461541,18099595,16303318,17224006,16079533,15520238,15095212,16852317,16118993,16658997
2021-11-01T18:05,15671679,18722525,16507951,16578541,17537093,17459464,19086218,18078479,13676274,15874048,16848708,14408343,14293504,15464288,17277328,15435319,15871589,14861949,16398660,17791384,18365423,17072021,17340069,16469434,15854552,16246028,15694476,17651194,16957432,15147408
2021-11-01T18:10,16109266,17947239,16812340,18200395,17836621,17606670,19888000,14669603,18554859,17923098,15315223,12939942,15468384,17100158,14557073,15501349,16907854,17246319,17920548,18802353,14614901,15380814,17724552,15765157,17843501,17438959,16048161,15630792,16554599,15101448
2021-11-01T18:15,14738641,15048332,18462365,18500041,16391572,18824231,15192039,17967609,17039029,16348262,14531780,16324483,15033482,13667109,18963483,16880724,17655047,18748865,18158897,16167306,14801861,14412170,16758551,15238334,18458224,16033589,15045607,18376872,15495420,16850562
2021-11-01T18:20,18050824,17992341,12698665,13564560,14287257,17065167,17620572,16397805,13863471,16844012,16313027,15154735,13511171,16297206,18911675,16347882,17618838,17336008,19282892,15993683,19458429,16288733,16545128,15295857,16871050,16619880,17815404,14932506,15972887,15363537
2021-11-01T18:25,14761821,18050584,16545046,16771245,17152297,18674762,18025707,16081096,18018478,16611668,13820679,16219351,13362708,19131092,13321146,17199091,15916815,15918705,16102552,16004885,18210491,17669495,16538728,15943339,16987393,15124202,17995022,18316516,16781290,18091880
2021-11-01T18:30,19022117,15060068,17515619,17993970,16128367,12814605,17807802,15113359,15798330,16710420,14436130,14072460,16186284,15012690,18473393,17464407,18256482,15647691,15182296,17153020,15500219,19107988,16940057,15478477,17206574,15228180,14388141,16445639,17413571,16434834
2021-11-01T18:35,17105569,15517374,15510655,14916694,15945630,16745328,16878935,15069858,18389932,14881924,19696337,19595592,17783545,16574428,15791294,18188365,16582397,15982163,18622439,17246341,18197429,16323692,18429781,15313002,15883787,15616810,16022368,18624443,16295666,19414573
2021-11-01T18:40,16313922,16370448,15222587,16197137,17518806,14157173,15276748,16626704,13931182,15489826,15439379,16690527,15603411,14535868,16172523,16688382,16375734,15501616,14910443,13788298,16371750,15893421,14992695,17177797,19221020,14104083,16438733,15885885,18340230,18805109
2021-11-01T18:45,15753249,17354437,14116637,16775673,17733636,16058677,17883581,11939180,18233449,18051038,13559767,13592839,17581390,19356036,19213234,18631115,17373535,13353325,15403421,15972550,16135770,16139490,16453915,14225653,15114651,17200989,15539389,16204240,15856402,17016947
2021-11-01T18:50,13874656,17088393,16753601,14991361,16538169,17626886,15060563,16423068,16255352,16094125,14892073,14066075,13566349,16289809,16104652,14153931,16174228,14140278,16682069,16558336,16212058,15971514,15836386,13835305,15459375,16907981,15991697,16414942,18808676,19038488
2021-11-01T18:55,15710694,16392257,15436678,14514737,15258090,14498886,17014086,15385010,18470666,15052599,16791227,15737837,17284680,14101098,15666709,14990550,15682686,16770657,16275736,18818039,16497011,16711507,15230343,18853544,15681854,16895366,16474066,14777795,17658064,14740399
2021-11-01T19:00,16431792,15459719,14599524,15780132,17081807,20473916,14243348,16182476,16675950,13560901,16236045,15294697,17389706,17296957,15855117,13141578,14168693,16072545,16511338,14870547,17620044,15513685,16485083,15765230,15044712,17760434,15081898,17532722,15811835,18140432
2021-11-01T19:05,18698642,15184645,16900839,16190530,14776702,12360654,15182540,18646380,17472573,15217328,13120438,17097141,18103318,15474194,15627708,16765623,14198246,15222673,16685858,18374046,17035193,15476113,14599187,19036828,17295261,16261409,15750791,14436116,15447729,15570438
2021-11-01T19:10,18477680,17780388,17641981,16352716,16398664,14715815,18542247,14270673,17816888,14572930,15584096,16136229,16170397,18445698,16464876,15097675,17246820,16791697,15658488,15773436,16500129,17015238,16153448,14824069,15589673,17471619,19767918,17646605,14669452,17847764
2021-11-01T19:15,15813764,15173043,18231047,19273502,14029365,16207368,16263529,16133376,16089575,12395460,16431692,17098331,16447108,15782513,15734034,14334701,14619536,14819067,17907923,16819055,16273544,15916360,14617646,18095538,18995292,14750856,18006726,15462787,15211076,14395465
2021-11-01T19:20,14647562,16152721,16829515,16240108,14691906,16733029,14584562,16636552,16835349,16136693,16820140,16263141,15387476,14719625,17220657,13886578,14707344,17606087,16197850,18720574,14180222,17537501,17917598,14173402,14162027,16372533,17964597,15719738,16564478,17310287
2021-11-01T19:25,17187042,18101953,16526039,14923256,17025550,15241689,15397249,14320528,14784518,19845342,15784370,16151029,13286507,17794027,14444301,16323841,14977508,17104246,16004692,15569085,15858393,19629508,15442653,18604368,16051750,17459814,16615014,18241185,15735176,17071082
2021-11-01T19:30,14106085,15799493,16115235,14730931,16729789,17162294,14239802,14782593,19201377,15965044,18039007,15539085,16004313,16950987,14917876,16575337,16001696,17305389,15572900,17469533,15477615,15249445,15521055,15492275,16048946,18432241,16835679,17120592,17759396,14808771
2021-11-01T19:35,20458676,14212713,14875463,16701409,16960904,16190965,16537483,15900453,13871763,15040999,17278475,14856103,15731539,17963384,16509363,16353733,16603222,17506770,16127596,13076190,14037429,15294650,13977978,15730763,16046344,15209108,12697157,14756863,13820446,15354940
2021-11-01T19:40,18329185,13838138,15979537,16460455,14294890,17379241,16205979,17757217,16402749,15701051,16670466,15552593,15115707,15130348,16199971,16204352,14690036,17452466,16217576,18107886,13236354,16702816,16066842,18519999,16289744,18385471,19309171,15883305,16204549,15866543
2021-11-01T19:45,17033123,15454342,13840042,13780241,14761689,15348054,16507480,16088148,17182191,17713000,14940123,19314965,15982153,17169012,14539286,16161912,16085398,17177644,16239405,17060473,17628013,18270984,15929376,14438874,15545338,15156072,19223231,15540318,19609610,16623650
2021-11-01T19:50,18595474,20341236,15544890,17002818,13807458,15534110,19264373,16627493,14352603,14242696,15981061,13699851,14228324,15682042,17113031,16641572,15197421,16113875,14415995,18283444,14867413,16461366,16120128,14771575,16389685,14498300,15559773,15796861,15967619,18013904
2021-11-01T19:55,15218201,16773839,19531144,13925187,19588979,15095810,17673468,14189503,16110360,14537829,14433167,13532096,16471848,15426664,14225108,15192219,16779952,17352641,15661079,16328432,16093722,14508409,15226356,14585908,12600530,18227009,16258794,17316697,16061485,14132142
2021-11-01T20:00,15669219,18156487,15629270,15000069,16973756,19093761,16011924,15656887,17096935,14375971,18309882,15947336,17886888,16828111,17103144,18623344,19004087,17577609,15405907,17342176,17006263,15811852,18644585,16631339,14508488,18314388,17601421,15822986,16413705,18833293
2021-11-01T20:05,17080030,14211690,15454873,16365616,16583927,16127904,18786772,18427135,16250467,14636146,16702917,16338768,17774681,16345266,17633201,17253035,14729063,17097045,16168465,16082345,14800807,16210787,13536577,14655492,16338669,16584740,12534603,20155678,14793023,15092837
2021-11-01T20:10,14237072,16680286,14238093,14834259,17461448,19380399,15709060,15260066,16330065,18640478,16105591,17251887,15349251,19337937,18432287,16858511,13967488,16668440,14594769,16624789,16203692,17667666,15056620,15001189,15887490,14731568,14650346,19175553,16213829,16895664
2021-11-01T20:15,13749554,18115321,16496603,18309220,17123775,17944319,16933131,18379462,19742225,21439457,16318945,17169811,15454509,15533937,15159659,15123403,16300716,16179455,14946079,14235192,13840543,15030286,16425057,16176700,18484084,19465425,15071668,16625067,15328297,18422329
2021-11-01T20:20,16670709,15217709,14092058,14437369,18486984,16338626,14417551,15522078,16931811,16051430,14769024,14914558,15611762,18503174,15449627,14111769,16364214,15261963,16497329,17364518,16145118,15754513,18941319,16564271,19266827,19087508,13773459,14302788,14467350,16975929
2021-11-01T20:25,16128707,18128899,15476225,15426586,16093190,17326198,16190981,15299457,16673912,16929664,16300293,18361118,16989037,17182143,16267266,15309082,16169088,17813477,16890831,21356549,18062576,18197296,13552604,19405463,17787671,20014355,15214188,20036727,12068895,17289719
2021-11-01T20:30,17685157,15951312,15287493,14787002,16452099,15146858,17271207,17461475,16788070,14830360,15438779,19313937,15027747,15634420,17996912,14158351,15489748,17971275,17675955,13769553,15668927,13066040,18152000,16653880,14685636,18260028,15349467,16936060,14525483,17309506
2021-11-01T20:35,13665165,17514695,17535587,16908101,14531844,18235599,15503469,14464599,15025564,17284788,17271703,13644164,15050543,16496266,11595765,16188476,16376500,16065656,18741402,12526427,12924951,14693357,18754768,15535779,16684871,14567365,14219547,15238941,17099669,15600919
2021-11-01T20:40,17795934,15924917,17032556,17831153,16804575,17540345,16281281,15401759,17591065,16648545,16515929,17977500,12327802,16482927,13866290,16578783,17184147,18314772,15596931,17873844,17835293,15765398,14948347,17500280,14740423,16738971,17840687,15511220,14620836,17646455
2021-11-01T20:45,17451966,16358603,17439955,18657539,17736715,12091321,15032911,15149577,13629391,15168674,16154401,18493235,15179136,14740306,16346033,17808261,14380393,16062169,12896868,16887533,17554320,16033647,17085661,17230106,17875789,18059594,16657349,14077333,17873982,15334999
2021-11-01T20:50,16186908,14303413,14972606,15181785,14960010,19878069,14427364,16655301,14378888,18418769,17379843,14169043,16314429,15425385,16126513,15262356,15205625,16968216,20374805,15174011,18765258,17571641,18427605,19108025,18026049,17400254,18595476,18620978,16006691,18593460
2021-11-01T20:55,18996129,15631681,18514757,13317921,18897426,18633446,18146924,14812899,16894261,14974889,16070095,14703037,16673698,17513772,19020396,15142020,15303228,15382363,18511143,18429290,14954216,15718499,16187886,14495892,15336339,20317622,18472852,15811543,18084933,14719692
2021-11-01T21:00,16477716,18036161,13537753,16243967,17035690,18535709,15402670,17049047,15738248,16019879,14882476,15265583,16506224,16280492,18657428,17681475,12477375,16220267,17190251,18200673,14667551,14731783,15676896,15769276,15723718,16574529,17988794,15711511,16814896,15038210
2021-11-01T21:05,17008769,16586913,17121506,15224460,17597890,18918769,16018911,19473986,14987765,15558657,15917069,17904398,18435978,16655278,16056477,15653781,17619035,16155919,13630098,17035505,16211267,14284469,18967578,16214796,15478484,13105725,18493595,16194174,17148497,17892902
2021-11-01T21:10,13891852,17817202,15829656,19740651,15887181,13541964,15328238,19285476,14652606,16006869,13984043,15793899,15203406,15118304,15308988,14300726,15984290,15791869,17940479,19254632,17456901,15840312,13919316,19623523,16977842,16356684,15257979,18266275,17228403,18933411
2021-11-01T21:15,15878218,16057460,15919773,15526252,17492960,17843999,17580433,12989518,17046838,14444795,16458535,15436005,16989698,17517638,15309162,14615807,17665137,15402527,16065494,14896946,14136137,19271733,17147551,16174350,18428238,13380671,15804528,18054345,13553424,16837595
2021-11-01T21:20,18047716,18377458,12049389,17116480,17589661,17783972,16758378,15300369,15121447,18804254,17399469,16811981,14540954,16383312,15272961,19124671,20423532,21254320,16656403,15948155,17700928,19752999,18276792,16732117,15026946,18825473,17125104,17415877,18553375,14547168
2021-11-01T21:25,16670915,15706739,16802238,15195055,15915296,19388026,16422672,15343101,13978524,17047646,18973188,16310112,16180391,16452397,13627660,16933464,17129007,16096444,14618743,13274531,17181440,15957287,14236491,18140393,16372712,18973648,15706518,16629979,17140237,14124220
2021-11-01T21:30,18065855,15628797,15214820,16797089,15343203,18119606,14389666,15840395,15759646,18303439,18549816,12854997,15147970,14366552,16385722,18264385,16575267,18269113,13444060,16160139,19711192,16777996,16607711,15428222,16219248,16540620,15629861,17779982,15491420,13628602
2021-11-01T21:35,16765832,14968341,17841016,16526675,16829604,18431499,15799156,16826308,17890570,16922275,16744651,15616433,19256243,19707859,18140474,17094037,17424155,17465179,16343733,19661085,18176232,16083517,16122576,17536625,16570314,17062107,12502251,16521577,13728183,15894071
2021-11-01T21:40,16005710,17398573,14341787,15542956,17930314,16443111,15575381,16752756,16623984,15231238,16523068,14950080,16652608,15817685,14672960,15732067,15034933,14982792,13908108,14402103,16490549,17644331,13697806,14290946,15513005,15291265,16878568,16820092,12913659,17726277
2021-11-01T21:45,17666798,16624319,15428893,14688705,15761417,16697670,16288355,18690210,17428590,21374201,15498194,19034873,15685992,16027050,16037614,18233834,18707454,15985698,15324343,16793932,15143620,13943937,16419253,12967544,18888761,18043169,16795915,16648534,16854197,17869285
2021-11-01T21:50,15498128,15368181,16946848,16227474,17057919,16259216,17695409,16000699,15368122,13771911,17561710,16749212,16902083,18515446,15983581,17718739,15261976,16504879,16145446,16418250,17402024,17520368,16809421,15823717,17228233,17486308,16711072,18964394,13498567,16777653
2021-11-01T21:55,16713154,18495351,16701629,18800365,15495058,18390522,15030034,15310148,16263037,18298714,14141083,15178681,14735911,14531958,15351731,17774580,15608595,15341962,15806168,14603896,14944452,13375253,16577717,13533072,16914353,17360863,18147082,16595973,15614291,18301453
2021-11-01T22:00,14751256,17347701,16790656,15187299,17561352,15454904,16051659,15433145,17295118,18738091,16909495,16320643,17323523,15351423,19206023,16980079,16655079,12736788,14985017,16922849,17009446,16135032,12754404,16349046,15589047,16545794,16699294,14584177,17137397,14151988
2021-11-01T22:05,15397481,18449083,15888074,16810576,17204272,17120615,14924421,19284346,15890938,15738204,16537287,17255205,17418688,14355963,16111323,15615262,16830127,17258011,15004017,14453943,14211371,15585679,15077388,15350743,17095042,18135840,16185889,17080669,16102241,16952062
2021-11-01T22:10,17133410,14428661,16696933,17943615,17771943,16275874,15163822,17072904,15665545,15883138,14214319,17758155,16296213,16128257,17069686,14828157,14051583,19695352,13767322,15993125,16448050,18667176,13746067,14644558,20312456,16055686,17628418,12659203,13069813,17471386
2021-11-01T22:15,14395038,15011336,16051422,14307242,17562589,15300549,15976208,18902698,17248208,16137859,18046054,15960662,15572553,15990364,17131644,16277111,15456128,18516187,16235719,17791952,14844452,15703323,17543300,15442764,17934329,15127447,15455099,12488561,15390933,16914253
2021-11-01T22:20,15661764,15000899,15613503,13369368,17960749,17250601,15016307,15682302,18207155,18411484,17201367,14816642,15860379,14772880,16664341,18312851,15505010,16487305,17730397,16195885,18654099,17040897,15075827,15956923,17977291,16143555,18479016,17994420,15420145,17779460
2021-11-01T22:25,16054377,15596310,16169303,19629888,15089721,16364677,17379158,17150922,17290221,14184958,16779882,16955179,16686367,13722934,15348045,15464652,17348572,15353849,15765491,16227479,16913022,17582199,17963895,15791482,16270411,16635207,17156390,15788005,16701679,17395570
2021-11-01T22:30,17365200,14123981,15782689,16276926,17794544,15449853,17416646,17537765,16675481,15135436,15013434,16989784,16532224,16672135,16955221,19150146,14007275,16439685,17016004,15522135,15405204,17283610,16096049,14458993,17041681,17977799,17781329,15477748,15423546,12732224
2021-11-01T22:35,18192248,16773025,15892213,14635681,15123730,14715105,17381055,18226502,15428307,17873283,16511591,17193434,19229294,16682098,17307766,12555039,14707258,15302927,15597155,18625609,17912457,15121770,18270562,16923293,15129575,16443733,15371619,14372203,14645607,15627371
2021-11-01T22:40,14235535,14047314,13821929,17869729,17352396,15342895,15751983,18619681,17438126,15489554,16095710,15943880,14503378,19665574,16097521,17038770,17575304,17811138,20652630,17800132,17140326,16906334,14883832,14806141,16101116,16040818,19240567,15728485,18306975,19487290
2021-11-01T22:45,14219989,17315242,17382503,16031877,16476720,12806162,17202100,15938325,17958011,16582224,15860076,13208541,14542020,17216212,15062375,15182195,14219033,16101593,16348700,16757707,18748434,16124040,18712623,16780144,17045027,17374919,18024319,14754650,16065293,14934697
2021-11-01T22:50,16122325,17281922,18067488,13271736,15172462,18190670,15801526,13431292,14107592,18461809,12826654,15148982,16539353,17057507,17030269,17457875,16663555,18524538,13131434,17978531,16067813,17199969,17884486,16394583,15686242,17021257,18839951,13309245,18837494,16852108
2021-11-01T22:55,17770640,19321796,19508986,16530998,18452199,16834127,16491652,18405435,18347150,15026381,15904947,17405051,14394563,15489246,13388667,14084048,18024427,15365157,18170347,16925374,19601961,16579471,17169569,18258379,16391093,15150096,16812595,16972788,17195393,16472919
2021-11-01T23:00,17281922,15853516,16598965,19766803,17333071,15636793,15980206,14379174,15932361,16744079,19896659,16047637,15557011,17844771,19146070,13182458,15133056,19118894,17530565,15845349,13884441,18337369,16819885,17292970,16282025,14639772,16873908,18180796,15650836,16122388
2021-11-01T23:05,13593844,16309546,16459187,16713199,17921950,15897348,14616036,14232360,15650973,17654609,13842132,17091722,17795397,14775158,17583045,17159551,13559454,16802188,16824070,17674833,15355454,14286552,17157740,16593694,15726875,15301903,14864851,16347470,17543171,16230194
2021-11-01T23:10,17992034,16574232,16264058,16574887,15640756,14864264,14652979,19538610,16017683,19625894,16226695,18141345,17002073,18254285,17811493,15297555,16087590,19452560,14365587,15811113,18375752,17803447,14938654,19279330,14479654,15531695,17896500,16092207,16322320,17064939
2021-11-01T23:15,15477637,16590332,14554351,18366919,16663391,16219637,16248741,15994777,16450694,16817337,17808227,15559906,16697578,19449290,18023420,16014686,14308519,18063945,15188537,14672973,15317181,16936757,15306131,16430563,15906482,15677368,16137951,16806258,16256732,17688156
2021-11-01T23:20,15347669,16935007,17031558,18229712,14878519,15915419,17197891,16203031,17533227,17310160,16982890,17034722,16325076,15051983,14800360,16990543,17026337,16673953,17887332,18520700,16160864,16776401,15712918,15387512,15770756,18287696,14846216,16778046,17583039,17872811
2021-11-01T23:25,17571594,18147723,15562670,15830943,14942275,17897884,14862615,14565918,18124796,17580751,14982200,15246517,14926091,19059584,17713805,20531874,16904131,19095151,18877986,15791560,19031645,17766939,16393113,15053932,16201386,15815191,16172298,16232763,13225910,19022550
2021-11-01T23:30,16846616,17583618,18267905,14445975,17446680,15459389,16853591,17469471,15776175,15087783,14962900,18075022,17346193,15721319,16719692,16201094,15374692,15436531,14949116,16091565,17255408,17023099,14265986,18617337,15783891,18130683,16172575,15537579,17272298,17970533
2021-11-01T23:35,15444329,16784244,17157279,14518768,14413701,13625538,18865024,17072611,17962616,15378725,14327862,14075271,20092280,17657095,16610599,17627185,14898495,14104038,19202341,16572534,17015293,14512653,17818992,14244452,17204233,17185996,18009900,15863376,18213313,15856853
2021-11-01T23:40,16234444,17402983,16123151,18230747,16356636,14906264,18211769,17763954,14636441,13536287,16502823,16500997,15051070,16676841,17866670,17765796,15274744,16738314,18079520,14673032,17691927,16870507,15221311,17747324,16041411,18232734,17472021,16033862,13657330,17141808
2021-11-01T23:45,15279970,14271810,17576396,13700787,16326061,15627828,19731116,17667632,16709762,14483143,17257711,13704834,14510280,18528476,18651742,14592418,15439282,14891905,17684773,14923413,20135144,17465842,17003175,12534544,13296768,17976764,15556096,15417999,16979127,16912755
2021-11-01T23:50,15309107,17339220,16324337,14637935,13994416,16216347,15969662,17520543,17168164,14819279,17023048,16679451,14253305,16827349,13721122,14749292,17728946,16709349,16407587,15051111,14769252,15742436,15114991,16970836,14817615,15875576,14401116,19862993,14598101,13537243
2021-11-01T23:55,17257815,16922757,19732899,15130946,17202775,16447650,17573657,20958667,16108924,17293620,17162408,17703526,15079125,18565394,16576324,16629978,13277333,18518943,17240299,18886383,16341030,15391735,17661503,19169968,16729829,17718628,17475244,16558114,16574477,18906203
2021-11-02T00:00,13412739,18552214,18341913,16246415,14472310,16256105,14676589,16897175,18316684,15991716,15837062,17408189,16705992,16284717,13457473,12661614,16386500,15669829,15873903,15925321,14700867,17153591,18499410,19998028,20359260,16151786,16432209,16836538,16448302,16309929
2021-11-02T00:05,17031553,17221553,14816259,14893168,14775192,15045317,17833601,16493753,17082416,17722725,19012806,15488328,15946644,14723766,15870348,12939325,12220285,17367560,19623978,15948505,16593250,16123779,15843897,15790187,18896579,15554774,16266874,15795153,17437916,14751169
2021-11-02T00:10,17404227,17195227,18123944,15102739,14649484,16655579,19097758,15206262,14450672,15181610,18175022,17778729,12975669,15884199,16119817,17085233,17681534,16422604,15056770,16037048,16668841,16928580,18396402,17072292,13466194,15996153,17695938,13346089,16633301,15758236
2021-11-02T00:15,15906005,16418815,17046639,15893877,17805425,17113983,16612471,14441585,14226047,13700115,18333951,16523623,16911328,16114217,16302509,15884855,15206621,13158233,16484327,18814067,18637484,15465187,15625185,16994530,16751480,14326561,12837582,17513082,17772573,17472852
2021-11-02T00:20,17093239,19498025,16124383,18671169,16311332,19482702,17555381,17398572,17885353,16651628,17141027,18108443,15757315,18025752,18518639,14718794,17713518,13542345,16355073,15707836,17801182,16868332,16209337,17019496,17085385,18156164,16420337,14168709,16216273,19184208
2021-11-02T00:25,15046693,16582079,14828044,15141142,19536620,18141653,18296884,13280996,18823350,18008254,13063419,18199851,14323598,18671976,14047535,17558721,16620289,14886429,13977367,15252038,16530708,14999025,19083486,15339366,13246095,15624463,17577625,16560083,16333518,15228975
2021-11-02T00:30,17184961,15724122,15962461,14417052,17272946,15819793,16489369,15233483,16863404,16583175,16954707,16944694,15109437,16683724,13409676,18335690,15721564,17722429,14188335,13430272,15003390,17702877,17802018,19246128,20065830,16263873,15824082,15509670,15929310,13767681
2021-11-02T00:35,15983391,17552055,14138961,15026911,17157863,14983292,16426805,14879687,14222394,16948786,17499446,16233022,16155104,17220329,15092889,14702441,16435239,15390004,16671109,16714923,17661154,15618704,14122862,16673860,15157242,16887352,19026100,16692655,18529245,20147413
2021-11-02T00:40,21301350,18575773,16217757,17935116,15023917,17397220,15332008,16346793,17706811,16925694,17271727,15112178,14377601,17117016,17217216,16742706,15677929,16930067,15997048,15184781,16326309,16624578,18441480,14436730,19031284,17329975,16361555,15659317,15227937,11905245
2021-11-02T00:45,16317504,15215207,16028400,15206125,14447848,17698480,16217511,18869811,16840089,14539458,17718395,14495438,16663733,16083772,15059815,18402810,16760308,14047888,16280130,15262973,14188590,19113149,17120958,13588210,14741160,18634468,18574194,16150970,16243218,13786069
2021-11-02T00:50,14725123,14594000,16406993,12570006,14995286,15532026,15332357,13547825,17144534,16959668,14922425,15312146,15361913,15501872,17916046,16992779,15962920,15193894,17489927,17503591,17977233,14386414,15364007,17431830,16742886,17261861,13719047,15568379,14881360,16170311
2021-11-02T00:55,16636108,17607160,16046772,15920518,17421831,15531855,13319351,14333856,15555834,16386825,16606701,16024468,12148329,18077276,16442120,18200969,14230319,15159958,14274139,19020407,18415562,18409126,18111946,16106445,17936722,17357934,16546021,15099779,16751199,18314802
